{"avg_train_loss": -0.26601636772485154, "avg_val_loss": -2.1060959602799265, "epoch": 199, "_timestamp": 1699310360.6719658, "_runtime": 90.30138087272644, "_step": 200, "avg_test_loss": 0.16811757967108862, "_wandb": {"runtime": 90}}