{"avg_test_loss": 0.16572368865832687, "_timestamp": 1699252815.9190087, "_runtime": 183.6827986240387, "_step": 0, "_wandb": {"runtime": 183}}