{"avg_test_loss": NaN, "_timestamp": 1699309494.0330274, "_runtime": 2.500932455062866, "_step": 0, "_wandb": {"runtime": 2}}