{"avg_train_loss": -0.16172355264425278, "avg_val_loss": -2.0767865652032196, "epoch": 199, "_timestamp": 1699313544.491521, "_runtime": 71.10329794883728, "_step": 200, "avg_test_loss": 0.17431234645657243, "_wandb": {"runtime": 70}}