{"avg_train_loss": -0.23144302397966385, "avg_val_loss": -2.108453284101561, "epoch": 199, "_timestamp": 1699313383.2444062, "_runtime": 103.32953333854675, "_step": 200, "avg_test_loss": 0.19958972394582816, "_wandb": {"runtime": 102}}