{"avg_test_loss": 0.1644643904082477, "_timestamp": 1699254675.3217878, "_runtime": 152.6452648639679, "_step": 0, "_wandb": {"runtime": 152}}