{"avg_test_loss": NaN, "_timestamp": 1699258840.9605534, "_runtime": 72.7943263053894, "_step": 0, "_wandb": {"runtime": 72}}