{"avg_test_loss": 0.21786448875442146, "_timestamp": 1699256151.1762218, "_runtime": 79.99613785743713, "_step": 0, "_wandb": {"runtime": 79}}