{"avg_train_loss": -0.24658813729490103, "avg_val_loss": -2.142679668664932, "epoch": 199, "_timestamp": 1699325841.1668506, "_runtime": 88.69431662559509, "_step": 200, "avg_test_loss": 0.16293976278975605, "_wandb": {"runtime": 88}}