{"avg_test_loss": 0.21250895692501218, "_timestamp": 1699255647.5361927, "_runtime": 80.08413076400757, "_step": 0, "_wandb": {"runtime": 79}}