{"avg_train_loss": -0.2400726206404598, "avg_val_loss": -2.129262501085177, "epoch": 199, "_timestamp": 1699322511.1593618, "_runtime": 78.8154878616333, "_step": 200, "avg_test_loss": 0.16276514706434683, "_wandb": {"runtime": 78}}