{"avg_test_loss": NaN, "_timestamp": 1699318019.700824, "_runtime": 2.0893349647521973, "_step": 0, "_wandb": {"runtime": 1}}