{"avg_test_loss": 0.16199190159357385, "_timestamp": 1699258078.670843, "_runtime": 68.32538199424744, "_step": 0, "_wandb": {"runtime": 67}}