{"avg_train_loss": -0.24372806027531624, "avg_val_loss": -2.1039523714315145, "epoch": 199, "_timestamp": 1699317344.3705347, "_runtime": 89.45826268196106, "_step": 200, "avg_test_loss": 0.17561655913479626, "_wandb": {"runtime": 89}}