{"avg_test_loss": 0.1721969553641975, "_timestamp": 1699255828.5576692, "_runtime": 93.0259792804718, "_step": 0, "_wandb": {"runtime": 92}}