{"avg_test_loss": 0.16533050620695577, "_timestamp": 1699256663.0438046, "_runtime": 93.19698357582092, "_step": 0, "_wandb": {"runtime": 92}}