{"avg_test_loss": 0.1650693142414093, "_timestamp": 1699253643.2268643, "_runtime": 88.78419923782349, "_step": 0, "_wandb": {"runtime": 88}}