{"avg_test_loss": 0.16337859380058944, "_timestamp": 1699256483.641423, "_runtime": 132.65675497055054, "_step": 0, "_wandb": {"runtime": 132}}