{"avg_test_loss": 0.19076799950562418, "_timestamp": 1699259895.6374388, "_runtime": 68.29815173149109, "_step": 0, "_wandb": {"runtime": 67}}