{"avg_test_loss": 0.1626477795606479, "_timestamp": 1699251606.725216, "_runtime": 91.50288581848145, "_step": 0, "_wandb": {"runtime": 91}}