{"avg_train_loss": -0.5871304318805536, "avg_val_loss": -1.7513095316221006, "epoch": 199, "_timestamp": 1699326036.4929328, "_runtime": 186.96546983718872, "_step": 200, "avg_test_loss": 0.16531875889748335, "_wandb": {"runtime": 186}}