{"avg_test_loss": NaN, "_timestamp": 1699253665.7586715, "_runtime": 14.21277642250061, "_step": 0, "_wandb": {"runtime": 13}}