{"avg_train_loss": -0.34414189495146275, "avg_val_loss": -2.020000353027135, "epoch": 199, "_timestamp": 1699314898.228332, "_runtime": 92.71211004257202, "_step": 200, "avg_test_loss": 0.1577910421928391, "_wandb": {"runtime": 92}}