{"avg_train_loss": -0.20244015529751777, "avg_val_loss": -2.150381157696247, "epoch": 199, "_timestamp": 1699316089.5137916, "_runtime": 77.64696145057678, "_step": 200, "avg_test_loss": 0.16264714631251992, "_wandb": {"runtime": 77}}