{"avg_train_loss": -0.1780045062303543, "avg_val_loss": -2.126220465619117, "epoch": 199, "_timestamp": 1699317694.6945994, "_runtime": 78.54143142700195, "_step": 200, "avg_test_loss": 0.1623975152289495, "_wandb": {"runtime": 78}}