{"avg_train_loss": -0.24505508969227474, "avg_val_loss": -2.1447395263728684, "epoch": 199, "_timestamp": 1699325671.2007804, "_runtime": 102.19361543655396, "_step": 200, "avg_test_loss": 0.17495661044260488, "_wandb": {"runtime": 101}}