{"avg_test_loss": 0.170319959577173, "_timestamp": 1699252541.6352065, "_runtime": 118.99002742767334, "_step": 0, "_wandb": {"runtime": 118}}