{"avg_train_loss": -0.1404705375432968, "avg_val_loss": -2.0749972715880722, "epoch": 199, "_timestamp": 1699315077.3680038, "_runtime": 73.56987595558167, "_step": 200, "avg_test_loss": 0.1791951742488891, "_wandb": {"runtime": 73}}