{"avg_train_loss": -0.8483262015879154, "avg_val_loss": -1.1400680939911398, "epoch": 199, "_timestamp": 1699320503.5832198, "_runtime": 185.46377277374268, "_step": 200, "avg_test_loss": 0.16818740230984985, "_wandb": {"runtime": 185}}