{"avg_test_loss": NaN, "_timestamp": 1699256268.5195756, "_runtime": 44.16943955421448, "_step": 0, "_wandb": {"runtime": 43}}