{"avg_train_loss": -0.23790769837796688, "avg_val_loss": -2.068901997265639, "epoch": 199, "_timestamp": 1699316697.9738147, "_runtime": 135.43361067771912, "_step": 200, "avg_test_loss": 0.16669141373073215, "_wandb": {"runtime": 135}}