{"avg_test_loss": 0.21478262174874543, "_timestamp": 1699258630.7736542, "_runtime": 60.77887225151062, "_step": 0, "_wandb": {"runtime": 60}}