{"avg_test_loss": 0.16446366394753567, "_timestamp": 1699259327.7071977, "_runtime": 85.3992075920105, "_step": 0, "_wandb": {"runtime": 85}}