{"avg_train_loss": -0.29085502177476885, "avg_val_loss": -2.108769574109465, "epoch": 199, "_timestamp": 1699310264.208042, "_runtime": 146.89023399353027, "_step": 200, "avg_test_loss": 0.16077116869622843, "_wandb": {"runtime": 146}}