{"avg_test_loss": 0.17819953546859324, "_timestamp": 1699254874.5296035, "_runtime": 97.74858736991882, "_step": 0, "_wandb": {"runtime": 97}}