{"avg_test_loss": 0.1803116112202406, "_timestamp": 1699252250.40658, "_runtime": 93.90099596977234, "_step": 0, "_wandb": {"runtime": 93}}