{"avg_train_loss": -0.20792511552572251, "avg_val_loss": -2.103798581021838, "epoch": 199, "_timestamp": 1699324610.0399933, "_runtime": 71.34598922729492, "_step": 200, "avg_test_loss": 0.17217457048594953, "_wandb": {"runtime": 71}}