{"avg_test_loss": 0.17700480827130377, "_timestamp": 1699259747.0373168, "_runtime": 77.59426379203796, "_step": 0, "_wandb": {"runtime": 77}}