{"avg_train_loss": -0.23212605891259094, "avg_val_loss": -2.1573571097600506, "epoch": 199, "_timestamp": 1699306458.1939397, "_runtime": 86.63857960700989, "_step": 200, "avg_test_loss": 0.1622067752183648, "_wandb": {"runtime": 86}}