{"avg_train_loss": -0.23875967661539713, "avg_val_loss": -2.1244491542782633, "epoch": 199, "_timestamp": 1699321317.3601553, "_runtime": 104.89786624908447, "_step": 200, "avg_test_loss": 0.17880123045761137, "_wandb": {"runtime": 104}}