{"avg_test_loss": 0.17971851177513598, "_timestamp": 1699252884.9909241, "_runtime": 63.21360921859741, "_step": 0, "_wandb": {"runtime": 62}}