{"avg_train_loss": -0.2893513919491517, "avg_val_loss": -2.1054317491874097, "epoch": 199, "_timestamp": 1699314099.013293, "_runtime": 80.5376889705658, "_step": 200, "avg_test_loss": 0.15917928280308843, "_wandb": {"runtime": 80}}