{"avg_test_loss": NaN, "_timestamp": 1699257259.292662, "_runtime": 38.469486951828, "_step": 0, "_wandb": {"runtime": 36}}