{"avg_train_loss": -0.19760028292735418, "avg_val_loss": -2.0353871217672714, "epoch": 199, "_timestamp": 1699325345.5407798, "_runtime": 101.5324547290802, "_step": 200, "avg_test_loss": 0.18141968830488622, "_wandb": {"runtime": 101}}