{"avg_train_loss": -0.1828231193125248, "avg_val_loss": -2.124139488285873, "epoch": 199, "_timestamp": 1699324533.5129619, "_runtime": 90.95436978340149, "_step": 200, "avg_test_loss": 0.1696573756239377, "_wandb": {"runtime": 90}}