{"avg_train_loss": -0.16654661893844605, "avg_val_loss": -2.1012458676914685, "epoch": 199, "_timestamp": 1699324433.9673119, "_runtime": 78.35213279724121, "_step": 200, "avg_test_loss": 0.17110255545936526, "_wandb": {"runtime": 78}}