{"avg_test_loss": NaN, "_timestamp": 1699252050.392076, "_runtime": 2.191960096359253, "_step": 0, "_wandb": {"runtime": 1}}