{"avg_train_loss": -0.24530280871610893, "avg_val_loss": -2.1414162866584956, "epoch": 199, "_timestamp": 1699309050.3198466, "_runtime": 92.7495687007904, "_step": 200, "avg_test_loss": 0.17016506352461874, "_wandb": {"runtime": 92}}