{"avg_test_loss": 0.22648334704659645, "_timestamp": 1699252415.1631494, "_runtime": 74.92423939704895, "_step": 0, "_wandb": {"runtime": 74}}