{"avg_test_loss": 0.2002105321106501, "_timestamp": 1699256754.667671, "_runtime": 83.64375805854797, "_step": 0, "_wandb": {"runtime": 83}}