{"avg_test_loss": NaN, "_timestamp": 1699254441.4729924, "_runtime": 43.41671943664551, "_step": 0, "_wandb": {"runtime": 43}}