{"avg_test_loss": 0.19279727713015746, "_timestamp": 1699253840.3317657, "_runtime": 97.6928026676178, "_step": 0, "_wandb": {"runtime": 97}}