{"avg_test_loss": 0.21120728828012944, "_timestamp": 1699259155.6810756, "_runtime": 91.5411114692688, "_step": 0, "_wandb": {"runtime": 91}}