{"avg_train_loss": -0.19808907846086904, "avg_val_loss": -2.1079450393747536, "epoch": 199, "_timestamp": 1699306667.2636192, "_runtime": 87.08201122283936, "_step": 200, "avg_test_loss": 0.17358821048401296, "_wandb": {"runtime": 86}}