{"avg_train_loss": -0.33531257311503093, "avg_val_loss": -1.9669445066805928, "epoch": 199, "_timestamp": 1699315826.6371682, "_runtime": 186.15456628799438, "_step": 200, "avg_test_loss": 0.17342684010975062, "_wandb": {"runtime": 185}}