{"avg_train_loss": -0.1968919463455677, "avg_val_loss": -2.1178353362716735, "epoch": 199, "_timestamp": 1699319601.9499862, "_runtime": 70.73806715011597, "_step": 200, "avg_test_loss": 0.16797292650910095, "_wandb": {"runtime": 70}}