{"avg_test_loss": 0.1656686515873298, "_timestamp": 1699258172.3633003, "_runtime": 85.71017837524414, "_step": 0, "_wandb": {"runtime": 85}}