{"avg_test_loss": 0.16883198417926906, "_timestamp": 1699258315.9299076, "_runtime": 66.96229267120361, "_step": 0, "_wandb": {"runtime": 66}}