{"avg_test_loss": NaN, "_timestamp": 1699253885.9222949, "_runtime": 40.26919174194336, "_step": 0, "_wandb": {"runtime": 39}}