{"avg_test_loss": 0.162169293416664, "_timestamp": 1699251925.36072, "_runtime": 82.23621082305908, "_step": 0, "_wandb": {"runtime": 81}}