{"avg_train_loss": -0.4300711676478386, "avg_val_loss": -1.6975593720702455, "epoch": 199, "_timestamp": 1699309924.2353177, "_runtime": 136.86342477798462, "_step": 200, "avg_test_loss": 0.1636156184785068, "_wandb": {"runtime": 136}}