{"avg_test_loss": 0.17617058728355914, "_timestamp": 1699254353.9148333, "_runtime": 81.59938931465149, "_step": 0, "_wandb": {"runtime": 81}}