{"avg_test_loss": NaN, "_timestamp": 1699255978.9192605, "_runtime": 60.23805260658264, "_step": 0, "_wandb": {"runtime": 59}}