{"avg_test_loss": NaN, "_timestamp": 1699259355.2060857, "_runtime": 20.882893800735474, "_step": 0, "_wandb": {"runtime": 20}}