{"avg_test_loss": 0.16737456246744842, "_timestamp": 1699259056.827429, "_runtime": 109.57957196235657, "_step": 0, "_wandb": {"runtime": 109}}