{"avg_train_loss": -0.21278812393153967, "avg_val_loss": -2.0721724936598913, "epoch": 199, "_timestamp": 1699317247.7412403, "_runtime": 88.77601432800293, "_step": 200, "avg_test_loss": 0.18205457847565412, "_wandb": {"runtime": 88}}