{"avg_test_loss": NaN, "_timestamp": 1699252037.023724, "_runtime": 24.06528401374817, "_step": 0, "_wandb": {"runtime": 23}}