{"avg_test_loss": NaN, "_timestamp": 1699253732.064966, "_runtime": 55.566412925720215, "_step": 0, "_wandb": {"runtime": 55}}