{"avg_train_loss": -0.20907958714585556, "avg_val_loss": -2.122827263753861, "epoch": 199, "_timestamp": 1699318956.3349307, "_runtime": 76.71838855743408, "_step": 200, "avg_test_loss": 0.16735933346673845, "_wandb": {"runtime": 75}}