{"avg_train_loss": -0.37603140583163813, "avg_val_loss": -1.9304012098303065, "epoch": 199, "_timestamp": 1699317607.7019966, "_runtime": 88.46934962272644, "_step": 200, "avg_test_loss": 0.16611945278011261, "_wandb": {"runtime": 88}}