{"avg_train_loss": -0.22565906886991702, "avg_val_loss": -2.1046302828844636, "epoch": 199, "_timestamp": 1699304788.041274, "_runtime": 84.04266905784607, "_step": 200, "avg_test_loss": 0.18843006931245326, "_wandb": {"runtime": 83}}