{"avg_train_loss": -0.39980202521148483, "avg_val_loss": -1.7858304566517473, "epoch": 199, "_timestamp": 1699306365.2337005, "_runtime": 135.7265064716339, "_step": 200, "avg_test_loss": 0.16701881478074937, "_wandb": {"runtime": 135}}