{"avg_test_loss": NaN, "_timestamp": 1699255280.2082207, "_runtime": 2.5153326988220215, "_step": 0, "_wandb": {"runtime": 2}}