{"avg_test_loss": NaN, "_timestamp": 1699254387.0823069, "_runtime": 3.855365753173828, "_step": 0, "_wandb": {"runtime": 3}}