{"avg_train_loss": -0.19032525529464087, "avg_val_loss": -1.8054108496801928, "epoch": 199, "_timestamp": 1699318312.8300912, "_runtime": 101.95547032356262, "_step": 200, "avg_test_loss": 0.20800326062017122, "_wandb": {"runtime": 101}}