{"avg_train_loss": -0.25914007316033044, "avg_val_loss": -2.148509142883122, "epoch": 70, "_timestamp": 1699318356.2105985, "_runtime": 38.296913385391235, "_step": 71, "avg_test_loss": NaN, "_wandb": {"runtime": 37}}