{"avg_test_loss": 0.17601216472685338, "_timestamp": 1699255174.1523087, "_runtime": 64.87056374549866, "_step": 0, "_wandb": {"runtime": 64}}