{"avg_train_loss": -0.2616864090883418, "avg_val_loss": -2.14212866445072, "epoch": 199, "_timestamp": 1699310021.5472226, "_runtime": 91.98930072784424, "_step": 200, "avg_test_loss": 0.15959492105059325, "_wandb": {"runtime": 90}}