{"avg_test_loss": 0.16781991723924874, "_timestamp": 1699255727.0602863, "_runtime": 73.55994939804077, "_step": 0, "_wandb": {"runtime": 73}}