{"avg_train_loss": -0.15859475880861282, "avg_val_loss": -2.0128256375924685, "epoch": 199, "_timestamp": 1699323014.7337205, "_runtime": 67.94228959083557, "_step": 200, "avg_test_loss": 0.18983220871537923, "_wandb": {"runtime": 67}}