{"avg_train_loss": -0.20803376169581161, "avg_val_loss": -2.05734816682525, "epoch": 199, "_timestamp": 1699316349.498486, "_runtime": 88.13366508483887, "_step": 200, "avg_test_loss": 0.18473548495210707, "_wandb": {"runtime": 87}}