{"avg_train_loss": -0.17408926853615986, "avg_val_loss": -2.040607230288442, "epoch": 199, "_timestamp": 1699316885.1406088, "_runtime": 87.4568088054657, "_step": 200, "avg_test_loss": 0.18199771650135518, "_wandb": {"runtime": 87}}