{"avg_test_loss": 0.1751541592925787, "_timestamp": 1699252005.8301122, "_runtime": 70.04622721672058, "_step": 0, "_wandb": {"runtime": 69}}