{"avg_test_loss": 0.1657360316059203, "_timestamp": 1699256343.736021, "_runtime": 68.68828201293945, "_step": 0, "_wandb": {"runtime": 68}}