{"avg_test_loss": 0.18658062249422072, "_timestamp": 1699252148.4925816, "_runtime": 89.93330764770508, "_step": 0, "_wandb": {"runtime": 89}}