{"avg_test_loss": 0.17187505456618965, "_timestamp": 1699253982.7759733, "_runtime": 87.06710934638977, "_step": 0, "_wandb": {"runtime": 86}}