{"avg_train_loss": -0.7773325920104981, "avg_val_loss": -1.3489524911134503, "epoch": 199, "_timestamp": 1699314010.2778158, "_runtime": 118.79311490058899, "_step": 200, "avg_test_loss": 0.17083165023243055, "_wandb": {"runtime": 118}}