{"avg_train_loss": -0.093287905305624, "avg_val_loss": -1.9643846098566429, "epoch": 199, "_timestamp": 1699316448.7556603, "_runtime": 70.50260925292969, "_step": 200, "avg_test_loss": 0.20032420922070743, "_wandb": {"runtime": 70}}