{"avg_train_loss": -0.32256013751029966, "avg_val_loss": -2.046674142817501, "epoch": 199, "_timestamp": 1699310771.2458389, "_runtime": 84.15250396728516, "_step": 200, "avg_test_loss": 0.1698869733698666, "_wandb": {"runtime": 83}}