{"avg_train_loss": -0.29825797559399353, "avg_val_loss": -2.0936804920062424, "epoch": 199, "_timestamp": 1699321118.6898398, "_runtime": 89.06549382209778, "_step": 200, "avg_test_loss": 0.16601981515064834, "_wandb": {"runtime": 87}}