{"avg_test_loss": 0.16786195411114022, "_timestamp": 1699258514.141296, "_runtime": 97.24234795570374, "_step": 0, "_wandb": {"runtime": 97}}