{"avg_train_loss": -0.21847673878073692, "avg_val_loss": -2.149833802767098, "epoch": 199, "_timestamp": 1699317908.9219856, "_runtime": 124.87088370323181, "_step": 200, "avg_test_loss": 0.16529073622077703, "_wandb": {"runtime": 124}}