{"avg_test_loss": NaN, "_timestamp": 1699253346.5722172, "_runtime": 68.52991533279419, "_step": 0, "_wandb": {"runtime": 68}}