{"avg_test_loss": 0.1685275408020243, "_timestamp": 1699257392.9038138, "_runtime": 124.7988338470459, "_step": 0, "_wandb": {"runtime": 124}}