{"avg_test_loss": 0.1709437047317624, "_timestamp": 1699255911.0726824, "_runtime": 74.2733383178711, "_step": 0, "_wandb": {"runtime": 73}}