{"avg_test_loss": 0.16581517478451133, "_timestamp": 1699254083.3397882, "_runtime": 91.61354207992554, "_step": 0, "_wandb": {"runtime": 91}}