{"avg_test_loss": 0.16554860631003976, "_timestamp": 1699257912.0847993, "_runtime": 115.87302923202515, "_step": 0, "_wandb": {"runtime": 115}}