{"avg_train_loss": -0.2127318162471056, "avg_val_loss": -2.137516297949478, "epoch": 199, "_timestamp": 1699304888.3583915, "_runtime": 92.06151056289673, "_step": 200, "avg_test_loss": 0.1564864086639136, "_wandb": {"runtime": 91}}