{"avg_train_loss": -0.21980924492603854, "avg_val_loss": -2.1538735117949543, "epoch": 199, "_timestamp": 1699309677.616227, "_runtime": 77.57824301719666, "_step": 200, "avg_test_loss": 0.16460671577369795, "_wandb": {"runtime": 77}}