{"avg_train_loss": -0.1784321129322052, "avg_val_loss": -2.1220503690931944, "epoch": 199, "_timestamp": 1699317442.72534, "_runtime": 91.8038489818573, "_step": 200, "avg_test_loss": 0.1648626976297237, "_wandb": {"runtime": 91}}