{"avg_test_loss": 0.16851593187777325, "_timestamp": 1699258409.7010007, "_runtime": 88.81698179244995, "_step": 0, "_wandb": {"runtime": 88}}