{"avg_train_loss": -0.20594429009054838, "avg_val_loss": -2.1117311964789405, "epoch": 199, "_timestamp": 1699306764.6974502, "_runtime": 92.27039313316345, "_step": 200, "avg_test_loss": 0.17768990025855602, "_wandb": {"runtime": 91}}