{"avg_test_loss": 0.24102854723110795, "_timestamp": 1699259562.4562519, "_runtime": 96.18559694290161, "_step": 0, "_wandb": {"runtime": 95}}