{"avg_train_loss": -0.3565808023015658, "avg_val_loss": -2.060132923079655, "epoch": 199, "_timestamp": 1699324265.8104362, "_runtime": 103.68246126174927, "_step": 200, "avg_test_loss": 0.16812253322452306, "_wandb": {"runtime": 103}}