{"avg_test_loss": NaN, "_timestamp": 1699258659.3496172, "_runtime": 23.301051139831543, "_step": 0, "_wandb": {"runtime": 22}}