{"avg_train_loss": -0.42736427873373034, "avg_val_loss": -1.9320290470682084, "epoch": 199, "_timestamp": 1699324154.8164296, "_runtime": 104.83711051940918, "_step": 200, "avg_test_loss": 0.16896363109815865, "_wandb": {"runtime": 104}}