{"avg_test_loss": 0.1837674557697028, "_timestamp": 1699254179.6768308, "_runtime": 86.53294372558594, "_step": 0, "_wandb": {"runtime": 86}}