{"avg_train_loss": -0.1982853278517723, "avg_val_loss": -2.1151882397197186, "epoch": 199, "_timestamp": 1699307281.6304207, "_runtime": 65.40826368331909, "_step": 200, "avg_test_loss": 0.17440898492241103, "_wandb": {"runtime": 65}}