{"avg_test_loss": 0.17485796712804585, "_timestamp": 1699255358.4223816, "_runtime": 65.86858558654785, "_step": 0, "_wandb": {"runtime": 65}}