{"avg_train_loss": -0.2148314343863412, "avg_val_loss": -2.1252315733837897, "epoch": 199, "_timestamp": 1699310596.063362, "_runtime": 76.27780890464783, "_step": 200, "avg_test_loss": 0.19603459456004202, "_wandb": {"runtime": 75}}