{"avg_train_loss": -0.26423751190304756, "avg_val_loss": -2.1336951498407872, "epoch": 199, "_timestamp": 1699323963.1217186, "_runtime": 121.29742574691772, "_step": 200, "avg_test_loss": 0.16092626330908388, "_wandb": {"runtime": 120}}