{"avg_train_loss": -0.3451823982099692, "avg_val_loss": -1.9658659183388227, "epoch": 199, "_timestamp": 1699315635.1868074, "_runtime": 106.73400831222534, "_step": 200, "avg_test_loss": 0.17532173209125176, "_wandb": {"runtime": 106}}