{"avg_train_loss": -0.15357184633612633, "avg_val_loss": -2.089131250195205, "epoch": 199, "_timestamp": 1699318106.6826737, "_runtime": 78.22304964065552, "_step": 200, "avg_test_loss": 0.17521922687999905, "_wandb": {"runtime": 77}}