{"avg_train_loss": -0.26798837184906005, "avg_val_loss": -2.14683218809776, "epoch": 199, "_timestamp": 1699319219.7154152, "_runtime": 146.4521782398224, "_step": 200, "avg_test_loss": 0.15924303124658765, "_wandb": {"runtime": 146}}