{"avg_test_loss": 0.2076916455104947, "_timestamp": 1699259661.3137252, "_runtime": 92.88527131080627, "_step": 0, "_wandb": {"runtime": 92}}