{"avg_test_loss": NaN, "_timestamp": 1699254510.827681, "_runtime": 51.02084016799927, "_step": 0, "_wandb": {"runtime": 49}}