{"avg_train_loss": -0.12014957489445806, "avg_val_loss": -1.9549996802920941, "epoch": 199, "_timestamp": 1699308393.1339474, "_runtime": 118.68387627601624, "_step": 200, "avg_test_loss": 0.21956614734604954, "_wandb": {"runtime": 118}}