{"avg_train_loss": -0.24755796054999032, "avg_val_loss": -2.1499749978631737, "epoch": 199, "_timestamp": 1699312686.135831, "_runtime": 102.44743204116821, "_step": 200, "avg_test_loss": 0.15842617142945528, "_wandb": {"runtime": 102}}