{"avg_test_loss": 0.16190847091609611, "_timestamp": 1699253269.5833142, "_runtime": 88.92515826225281, "_step": 0, "_wandb": {"runtime": 88}}