{"avg_train_loss": -0.23860269327958425, "avg_val_loss": -2.156816956307739, "epoch": 199, "_timestamp": 1699308504.128841, "_runtime": 102.49737286567688, "_step": 200, "avg_test_loss": 0.15617923790588975, "_wandb": {"runtime": 102}}