{"avg_test_loss": NaN, "_timestamp": 1699257655.0535777, "_runtime": 6.917155742645264, "_step": 0, "_wandb": {"runtime": 6}}