{"avg_train_loss": -0.23519780565249293, "avg_val_loss": -2.1529021753347477, "epoch": 199, "_timestamp": 1699319943.6091928, "_runtime": 92.16473078727722, "_step": 200, "avg_test_loss": 0.16035789765883238, "_wandb": {"runtime": 91}}