{"avg_train_loss": -0.19289223663508892, "avg_val_loss": -2.1490310143865643, "epoch": 199, "_timestamp": 1699324041.4451723, "_runtime": 72.50523138046265, "_step": 200, "avg_test_loss": 0.16123647372238337, "_wandb": {"runtime": 72}}