{"avg_test_loss": 0.19857773219700903, "_timestamp": 1699253546.8509903, "_runtime": 88.65156531333923, "_step": 0, "_wandb": {"runtime": 88}}