{"avg_train_loss": -0.9806882225369152, "avg_val_loss": -0.14501244585961104, "epoch": 199, "_timestamp": 1699307037.4049602, "_runtime": 156.8350751399994, "_step": 200, "avg_test_loss": 0.16977171655744314, "_wandb": {"runtime": 156}}