{"avg_test_loss": NaN, "_timestamp": 1699251620.1913927, "_runtime": 1.9490697383880615, "_step": 0, "_wandb": {"runtime": 1}}