{"avg_test_loss": NaN, "_timestamp": 1699257426.6847525, "_runtime": 18.89383840560913, "_step": 0, "_wandb": {"runtime": 18}}