{"avg_test_loss": 0.1704251099890098, "_timestamp": 1699258004.7718575, "_runtime": 87.43972539901733, "_step": 0, "_wandb": {"runtime": 87}}