{"avg_train_loss": -0.8601980491975943, "avg_val_loss": -1.1348394557088612, "epoch": 199, "_timestamp": 1699320213.7252104, "_runtime": 184.25980949401855, "_step": 200, "avg_test_loss": 0.17411512199789286, "_wandb": {"runtime": 183}}