{"avg_test_loss": NaN, "_timestamp": 1699257641.3822727, "_runtime": 29.001304626464844, "_step": 0, "_wandb": {"runtime": 28}}