{"avg_train_loss": -0.4823078870773315, "avg_val_loss": -1.7398748516093474, "epoch": 199, "_timestamp": 1699319757.5447736, "_runtime": 150.18432068824768, "_step": 200, "avg_test_loss": 0.16017147285863756, "_wandb": {"runtime": 149}}