{"avg_test_loss": 0.17713644758798183, "_timestamp": 1699258241.0662363, "_runtime": 63.325029373168945, "_step": 0, "_wandb": {"runtime": 62}}