{"avg_train_loss": -0.21977653592824936, "avg_val_loss": -1.9359859954664715, "epoch": 199, "_timestamp": 1699312413.4790907, "_runtime": 104.55858278274536, "_step": 200, "avg_test_loss": 0.19206545481458306, "_wandb": {"runtime": 104}}