{"avg_test_loss": 0.16567166722612456, "_timestamp": 1699255462.7482328, "_runtime": 98.2683048248291, "_step": 0, "_wandb": {"runtime": 97}}