{"avg_test_loss": 0.22121674170601183, "_timestamp": 1699257597.5368264, "_runtime": 66.58407330513, "_step": 0, "_wandb": {"runtime": 66}}