{"avg_test_loss": 0.1736745706386864, "_timestamp": 1699251832.1933975, "_runtime": 96.5595645904541, "_step": 0, "_wandb": {"runtime": 95}}