{"avg_train_loss": -0.4071023914217949, "avg_val_loss": -1.8776592829683796, "epoch": 199, "_timestamp": 1699322868.4678025, "_runtime": 105.11707043647766, "_step": 200, "avg_test_loss": 0.16874228667002172, "_wandb": {"runtime": 104}}