{"avg_test_loss": 0.16695623341947793, "_timestamp": 1699253170.6710556, "_runtime": 87.37974047660828, "_step": 0, "_wandb": {"runtime": 86}}