{"avg_test_loss": 0.18028435787186026, "_timestamp": 1699259457.991023, "_runtime": 92.95180010795593, "_step": 0, "_wandb": {"runtime": 92}}