{"avg_test_loss": 0.17552161489613355, "_timestamp": 1699257726.906217, "_runtime": 63.64535617828369, "_step": 0, "_wandb": {"runtime": 63}}