{"avg_train_loss": -0.18510550270347217, "avg_val_loss": -1.9442247728165238, "epoch": 199, "_timestamp": 1699320710.3790026, "_runtime": 87.9725775718689, "_step": 200, "avg_test_loss": 0.20594203231856226, "_wandb": {"runtime": 87}}