{"avg_train_loss": -0.22687584985243647, "avg_val_loss": -2.153887941045687, "epoch": 199, "_timestamp": 1699322596.574385, "_runtime": 77.0141818523407, "_step": 200, "avg_test_loss": 0.1647939141560346, "_wandb": {"runtime": 76}}