{"avg_test_loss": 0.15734766269102693, "_timestamp": 1699255267.2564292, "_runtime": 86.63381123542786, "_step": 0, "_wandb": {"runtime": 86}}