{"avg_test_loss": 0.17079756129998713, "_timestamp": 1699257516.9507928, "_runtime": 83.05963182449341, "_step": 0, "_wandb": {"runtime": 82}}