{"avg_test_loss": NaN, "_timestamp": 1699255097.2348208, "_runtime": 38.87283372879028, "_step": 0, "_wandb": {"runtime": 38}}