{"avg_train_loss": -0.19057221412658693, "avg_val_loss": -2.085419945116155, "epoch": 199, "_timestamp": 1699323626.1836073, "_runtime": 64.92078638076782, "_step": 200, "avg_test_loss": 0.17829238389618696, "_wandb": {"runtime": 64}}