{"avg_train_loss": -0.27388233472903567, "avg_val_loss": -2.1285158357489853, "epoch": 199, "_timestamp": 1699320616.3215024, "_runtime": 105.10137248039246, "_step": 200, "avg_test_loss": 0.18227800283115358, "_wandb": {"runtime": 104}}