{"avg_test_loss": 0.1639175828488078, "_timestamp": 1699252330.895748, "_runtime": 73.06412887573242, "_step": 0, "_wandb": {"runtime": 72}}