{"avg_test_loss": 0.16901508047674724, "_timestamp": 1699256939.268241, "_runtime": 99.94281792640686, "_step": 0, "_wandb": {"runtime": 99}}