{"avg_train_loss": -0.2722769958774249, "avg_val_loss": -2.1503058354440143, "epoch": 199, "_timestamp": 1699310883.028519, "_runtime": 104.43590903282166, "_step": 200, "avg_test_loss": 0.15847689788788558, "_wandb": {"runtime": 104}}