{"avg_train_loss": -0.6744873266863195, "avg_val_loss": -1.4192627610266209, "epoch": 199, "_timestamp": 1699325443.0811536, "_runtime": 91.8777265548706, "_step": 200, "avg_test_loss": 0.17505461123771965, "_wandb": {"runtime": 91}}