{"avg_train_loss": -0.27985391805046483, "avg_val_loss": -2.0774692690046503, "epoch": 199, "_timestamp": 1699325054.6988242, "_runtime": 88.33162426948547, "_step": 200, "avg_test_loss": 0.16023371405433864, "_wandb": {"runtime": 87}}