{"avg_test_loss": 0.17475901558529586, "_timestamp": 1699252614.2972193, "_runtime": 64.280442237854, "_step": 0, "_wandb": {"runtime": 63}}