{"avg_test_loss": 0.17839861272834243, "_timestamp": 1699258760.1272113, "_runtime": 93.24287128448486, "_step": 0, "_wandb": {"runtime": 92}}