{"avg_test_loss": 0.18282402916345744, "_timestamp": 1699259234.821163, "_runtime": 73.51159405708313, "_step": 0, "_wandb": {"runtime": 73}}