{"avg_train_loss": -0.21881327390670777, "avg_val_loss": -2.1022011912893506, "epoch": 199, "_timestamp": 1699321560.4748867, "_runtime": 103.61994075775146, "_step": 200, "avg_test_loss": 0.1670235618390143, "_wandb": {"runtime": 103}}