{"avg_test_loss": 0.16903720206348224, "_timestamp": 1699254768.348375, "_runtime": 83.44518709182739, "_step": 0, "_wandb": {"runtime": 83}}