{"avg_test_loss": 0.2008678025752306, "_timestamp": 1699257104.7517622, "_runtime": 71.70548725128174, "_step": 0, "_wandb": {"runtime": 71}}