{"avg_test_loss": 0.2011118140630424, "_timestamp": 1699254266.9325676, "_runtime": 81.7980625629425, "_step": 0, "_wandb": {"runtime": 81}}