{"avg_train_loss": -0.40583606958389284, "avg_val_loss": -1.9122995261545293, "epoch": 199, "_timestamp": 1699311086.2359977, "_runtime": 119.12837362289429, "_step": 200, "avg_test_loss": 0.16483937593875453, "_wandb": {"runtime": 118}}