{"avg_test_loss": 0.2030693987570703, "_timestamp": 1699256555.8791676, "_runtime": 66.91674947738647, "_step": 0, "_wandb": {"runtime": 66}}