{"avg_test_loss": 0.16800982858985664, "_timestamp": 1699256063.010629, "_runtime": 68.3015308380127, "_step": 0, "_wandb": {"runtime": 67}}