{"avg_train_loss": -0.13279476910829544, "avg_val_loss": -1.9303503500670194, "epoch": 199, "_timestamp": 1699307560.8259034, "_runtime": 65.41318249702454, "_step": 200, "avg_test_loss": 0.20156731946393847, "_wandb": {"runtime": 65}}