{"avg_test_loss": 0.20302733765915038, "_timestamp": 1699257014.095717, "_runtime": 67.99646592140198, "_step": 0, "_wandb": {"runtime": 67}}