{"avg_train_loss": -0.18198217520196186, "avg_val_loss": -2.0789683230873197, "epoch": 199, "_timestamp": 1699307659.4483092, "_runtime": 91.87862825393677, "_step": 200, "avg_test_loss": 0.180968758771196, "_wandb": {"runtime": 91}}