{"avg_test_loss": NaN, "_timestamp": 1699257786.6944556, "_runtime": 52.28719758987427, "_step": 0, "_wandb": {"runtime": 52}}