{"avg_test_loss": NaN, "_timestamp": 1699259817.19961, "_runtime": 55.773093938827515, "_step": 0, "_wandb": {"runtime": 55}}