{"avg_train_loss": -0.10247205346822738, "avg_val_loss": -1.976166643561446, "epoch": 199, "_timestamp": 1699316170.920254, "_runtime": 72.81820797920227, "_step": 200, "avg_test_loss": 0.19843608245253563, "_wandb": {"runtime": 72}}