{"avg_test_loss": NaN, "_timestamp": 1699258563.2040117, "_runtime": 34.09580063819885, "_step": 0, "_wandb": {"runtime": 33}}