{"avg_test_loss": 0.183730339827016, "_timestamp": 1699252970.448982, "_runtime": 77.1382200717926, "_step": 0, "_wandb": {"runtime": 76}}