{"avg_train_loss": -0.2706299467306388, "avg_val_loss": -2.086823824866442, "epoch": 199, "_timestamp": 1699321755.654977, "_runtime": 90.83278608322144, "_step": 200, "avg_test_loss": 0.16387975724879653, "_wandb": {"runtime": 90}}