{"avg_train_loss": -0.2965262919664383, "avg_val_loss": -2.0612994059128686, "epoch": 199, "_timestamp": 1699323245.3879473, "_runtime": 146.4600133895874, "_step": 200, "avg_test_loss": 0.16296041943132877, "_wandb": {"runtime": 146}}