{"avg_test_loss": 0.16474622984416784, "_timestamp": 1699251505.0265675, "_runtime": 90.02617335319519, "_step": 0, "_wandb": {"runtime": 93}}