{"avg_test_loss": 0.18022370703052729, "_timestamp": 1699251728.852754, "_runtime": 100.65350604057312, "_step": 0, "_wandb": {"runtime": 99}}