{"avg_train_loss": -0.16545424461364747, "avg_val_loss": -2.112297323939856, "epoch": 199, "_timestamp": 1699326269.5573761, "_runtime": 79.67427706718445, "_step": 200, "avg_test_loss": 0.17205247417092323, "_wandb": {"runtime": 78}}