{"avg_test_loss": 0.17878926903940737, "_timestamp": 1699253443.9069436, "_runtime": 89.71916961669922, "_step": 0, "_wandb": {"runtime": 89}}