{"avg_test_loss": 0.1674991139746271, "_timestamp": 1699258941.0900888, "_runtime": 90.95901393890381, "_step": 0, "_wandb": {"runtime": 90}}