{"avg_train_loss": -0.21081905215978622, "avg_val_loss": -2.09209279906936, "epoch": 199, "_timestamp": 1699322940.094975, "_runtime": 64.67235088348389, "_step": 200, "avg_test_loss": 0.18836740871192886, "_wandb": {"runtime": 64}}