{"avg_test_loss": 0.1742460216023028, "_timestamp": 1699256219.5465078, "_runtime": 62.1432318687439, "_step": 0, "_wandb": {"runtime": 61}}