{"avg_test_loss": 0.16209967358969152, "_timestamp": 1699253077.088024, "_runtime": 91.35630798339844, "_step": 0, "_wandb": {"runtime": 90}}