{"avg_train_loss": -0.19983023963868618, "avg_val_loss": -2.1344780116993936, "epoch": 199, "_timestamp": 1699321449.9587674, "_runtime": 125.39240741729736, "_step": 200, "avg_test_loss": 0.1622254207683727, "_wandb": {"runtime": 125}}