{"avg_train_loss": -0.23204353712499143, "avg_val_loss": -2.102569455052726, "epoch": 199, "_timestamp": 1699307210.7408915, "_runtime": 71.52611136436462, "_step": 200, "avg_test_loss": 0.1837605844065547, "_wandb": {"runtime": 71}}