{"avg_test_loss": 0.186117471922189, "_timestamp": 1699256830.633173, "_runtime": 67.51224899291992, "_step": 0, "_wandb": {"runtime": 67}}