{"avg_test_loss": NaN, "_timestamp": 1699257211.7811058, "_runtime": 92.55695867538452, "_step": 0, "_wandb": {"runtime": 92}}