{"avg_test_loss": 0.1630196483922191, "_timestamp": 1699255560.2821956, "_runtime": 89.88660168647766, "_step": 0, "_wandb": {"runtime": 89}}